{
    "VolCholeskyLines": [
        [
            0.3,
            0,
            0,
            0,
            0
        ],
        [
            0.055,
            0.24387496796514396,
            0,
            0,
            0
        ],
        [
            -0.0375,
            -0.029984627208829176,
            0.24534602530130287,
            0,
            0
        ],
        [
            -0.015,
            -0.011993850883531672,
            0.018658826230573976,
            0.09634830431658281,
            0
        ],
        [
            -0.0675,
            -0.05397232897589252,
            0.08396471803758289,
            0.0692641235193512,
            0.4279990011937917
        ]
    ],
    "MathPaymentDates": [
        0.17063492063492064,
        0.25793650793650796,
        0.3333333333333333
    ],
    "Strikes": [
        15,
        19,
        18
    ],
    "DomesticInterestRate": 0.05,
    "RelativeFiniteDifferenceStep": 0.1,
    "SampleNb": 10000,
    "PayoffType": "ConditionalBasket"
}